124.165.126.217,2023-04-15 13:29:46,DELETE,/playbooks,404,72
41.212.6.39,2023-04-15 13:29:46,POST,/parsers,201,22
134.71.243.221,2023-04-15 13:29:47,DELETE,/fieldsets,404,31
163.237.203.78,2023-04-15 13:29:47,POST,/auth,404,20
119.147.61.104,2023-04-15 13:29:48,DELETE,/fieldsets,204,62
137.67.194.18,2023-04-15 13:29:48,PUT,/fieldsets,401,17
92.122.36.63,2023-04-15 13:29:48,PATCH,/auth,400,14
102.143.238.115,2023-04-15 13:29:49,POST,/playbooks,401,52
187.235.82.101,2023-04-15 13:29:49,POST,/collectors,400,54
22.239.139.187,2023-04-15 13:29:50,PUT,/customers,403,30
249.114.186.153,2023-04-15 13:29:50,PUT,/collectors,300,40
246.52.80.27,2023-04-15 13:29:50,GET,/users,503,40
148.18.42.176,2023-04-15 13:29:50,PATCH,/lists,500,72
37.236.40.41,2023-04-15 13:29:50,POST,/fieldsets,404,18
53.108.174.0,2023-04-15 13:29:50,PATCH,/events,400,83
100.234.45.191,2023-04-15 13:29:50,PUT,/collectors,403,48
84.144.70.68,2023-04-15 13:29:50,GET,/playbooks,500,100
253.175.59.191,2023-04-15 13:29:51,POST,/alerts,500,10
73.128.93.78,2023-04-15 13:29:51,PATCH,/events,200,15
117.68.132.22,2023-04-15 13:29:51,PATCH,/collectors,500,63
45.191.171.130,2023-04-15 13:29:47,DELETE,/users,503,60
79.174.112.232,2023-04-15 13:29:47,GET,/alerts,301,42
145.214.63.95,2023-04-15 13:29:48,POST,/collectors,404,14
237.67.232.151,2023-04-15 13:29:48,DELETE,/users,301,57
53.5.159.204,2023-04-15 13:29:48,POST,/lists,401,71
129.191.248.159,2023-04-15 13:29:48,DELETE,/lists,400,28
43.48.74.92,2023-04-15 13:29:49,PUT,/playbooks,204,67
197.123.157.87,2023-04-15 13:29:49,PUT,/playbooks,400,79
218.134.158.143,2023-04-15 13:29:49,PUT,/playbooks,503,34
75.189.105.20,2023-04-15 13:29:50,POST,/fieldsets,400,91
74.85.161.207,2023-04-15 13:29:50,POST,/customers,301,58
74.122.134.160,2023-04-15 13:29:50,DELETE,/customers,301,75
6.85.205.163,2023-04-15 13:29:50,GET,/parsers,401,38
249.253.238.29,2023-04-15 13:29:51,POST,/lists,301,71
202.142.185.53,2023-04-15 13:29:51,DELETE,/events,401,74
18.173.3.128,2023-04-15 13:29:52,PATCH,/lists,404,78
105.97.191.228,2023-04-15 13:29:52,PUT,/customers,403,14
154.153.104.168,2023-04-15 13:29:52,PATCH,/collectors,300,59
47.129.27.111,2023-04-15 13:29:52,GET,/fieldsets,201,82
153.31.0.204,2023-04-15 13:29:52,GET,/fieldsets,401,41
244.178.82.99,2023-04-15 13:29:48,DELETE,/auth,404,78
159.230.84.136,2023-04-15 13:29:49,PUT,/auth,400,10
1.238.83.67,2023-04-15 13:29:49,GET,/events,301,55
13.82.201.132,2023-04-15 13:29:49,PUT,/auth,301,13
100.10.246.140,2023-04-15 13:29:49,POST,/customers,404,69
251.180.106.66,2023-04-15 13:29:49,PATCH,/auth,204,48
250.181.205.165,2023-04-15 13:29:50,PATCH,/collectors,300,30
198.215.191.253,2023-04-15 13:29:50,POST,/alerts,400,13
76.26.177.184,2023-04-15 13:29:51,GET,/customers,200,53
128.155.80.232,2023-04-15 13:29:51,POST,/events,403,49
237.142.12.147,2023-04-15 13:29:52,DELETE,/auth,404,94
103.10.72.139,2023-04-15 13:29:52,POST,/fieldsets,404,12
241.17.134.179,2023-04-15 13:29:52,POST,/fieldsets,503,72
170.231.225.142,2023-04-15 13:29:52,GET,/auth,403,45
123.245.28.48,2023-04-15 13:29:52,PATCH,/events,500,20
17.94.89.55,2023-04-15 13:29:52,PATCH,/playbooks,201,50
222.221.254.134,2023-04-15 13:29:52,DELETE,/parsers,404,36
131.17.58.143,2023-04-15 13:29:53,PATCH,/fieldsets,201,23
200.229.154.31,2023-04-15 13:29:53,PATCH,/customers,500,59
19.93.236.160,2023-04-15 13:29:53,PUT,/users,403,41
150.124.81.121,2023-04-15 13:29:48,DELETE,/lists,500,29
72.183.90.254,2023-04-15 13:29:48,POST,/fieldsets,500,97
12.180.93.89,2023-04-15 13:29:48,PUT,/lists,200,71
182.157.65.242,2023-04-15 13:29:48,DELETE,/parsers,503,69
170.248.126.151,2023-04-15 13:29:49,POST,/lists,500,58
17.182.68.200,2023-04-15 13:29:49,PATCH,/fieldsets,404,14
36.216.53.132,2023-04-15 13:29:49,PUT,/alerts,204,60
104.227.135.191,2023-04-15 13:29:49,DELETE,/alerts,301,40
246.216.180.175,2023-04-15 13:29:49,DELETE,/alerts,500,43
103.106.247.38,2023-04-15 13:29:50,PUT,/lists,500,4
62.98.34.138,2023-04-15 13:29:50,DELETE,/parsers,404,6
3.173.37.97,2023-04-15 13:29:50,GET,/playbooks,403,23
238.195.216.151,2023-04-15 13:29:51,POST,/parsers,503,100
29.13.248.102,2023-04-15 13:29:51,DELETE,/parsers,401,48
230.221.244.135,2023-04-15 13:29:52,GET,/users,201,21
224.84.151.61,2023-04-15 13:29:52,PUT,/auth,404,36
120.107.167.151,2023-04-15 13:29:52,PUT,/events,301,25
179.115.150.198,2023-04-15 13:29:52,PATCH,/collectors,403,86
241.193.81.166,2023-04-15 13:29:53,PATCH,/playbooks,401,27
104.134.123.182,2023-04-15 13:29:53,DELETE,/alerts,500,59
237.163.188.252,2023-04-15 13:29:49,DELETE,/playbooks,403,20
180.69.149.147,2023-04-15 13:29:50,POST,/auth,301,40
53.190.135.214,2023-04-15 13:29:50,POST,/collectors,404,51
247.11.60.232,2023-04-15 13:29:51,DELETE,/lists,301,73
100.161.29.62,2023-04-15 13:29:51,DELETE,/playbooks,204,59
9.191.167.47,2023-04-15 13:29:51,PATCH,/fieldsets,300,72
216.151.119.94,2023-04-15 13:29:51,PATCH,/collectors,300,10
108.208.231.224,2023-04-15 13:29:51,GET,/customers,500,72
148.15.16.114,2023-04-15 13:29:52,DELETE,/fieldsets,503,49
172.182.60.210,2023-04-15 13:29:52,GET,/lists,404,3
59.222.185.37,2023-04-15 13:29:52,PATCH,/alerts,503,36
37.99.204.40,2023-04-15 13:29:53,PATCH,/fieldsets,404,31
133.245.246.149,2023-04-15 13:29:53,GET,/users,301,48
208.186.131.49,2023-04-15 13:29:53,POST,/collectors,500,47
242.54.96.22,2023-04-15 13:29:53,PATCH,/events,400,1
129.185.122.124,2023-04-15 13:29:53,POST,/parsers,403,54
175.78.206.103,2023-04-15 13:29:53,DELETE,/parsers,503,87
55.152.224.195,2023-04-15 13:29:54,PATCH,/alerts,201,10
196.108.9.28,2023-04-15 13:29:54,POST,/parsers,300,9
130.228.78.41,2023-04-15 13:29:54,PUT,/playbooks,404,45
205.138.93.109,2023-04-15 13:29:50,DELETE,/users,401,54
238.108.196.17,2023-04-15 13:29:50,PUT,/collectors,300,84
156.134.114.171,2023-04-15 13:29:50,DELETE,/auth,404,61
16.115.253.154,2023-04-15 13:29:50,PUT,/events,200,36
230.91.10.120,2023-04-15 13:29:51,PUT,/alerts,204,41
75.199.59.156,2023-04-15 13:29:51,POST,/auth,503,80
22.224.181.72,2023-04-15 13:29:51,PUT,/customers,404,76
21.87.106.251,2023-04-15 13:29:52,GET,/auth,300,30
126.73.47.242,2023-04-15 13:29:53,POST,/customers,200,82
94.186.47.109,2023-04-15 13:29:53,POST,/events,503,72
66.44.76.164,2023-04-15 13:29:53,DELETE,/customers,500,8
235.252.246.249,2023-04-15 13:29:54,GET,/lists,500,38
151.168.251.54,2023-04-15 13:29:54,GET,/customers,401,60
250.91.195.109,2023-04-15 13:29:54,DELETE,/lists,200,15
236.146.10.162,2023-04-15 13:29:55,GET,/lists,403,63
98.143.100.69,2023-04-15 13:29:55,DELETE,/playbooks,500,46
7.161.83.79,2023-04-15 13:29:55,PUT,/playbooks,400,39
8.38.60.46,2023-04-15 13:29:55,GET,/events,500,93
171.141.192.229,2023-04-15 13:29:55,PATCH,/fieldsets,401,92
172.86.201.23,2023-04-15 13:29:55,PUT,/fieldsets,404,46
23.206.39.211,2023-04-15 13:29:51,PUT,/fieldsets,403,36
109.195.68.107,2023-04-15 13:29:51,GET,/users,404,31
225.13.146.162,2023-04-15 13:29:51,PUT,/lists,301,56
235.190.161.130,2023-04-15 13:29:52,DELETE,/customers,503,68
163.175.134.195,2023-04-15 13:29:52,DELETE,/events,301,56
2.179.245.120,2023-04-15 13:29:53,DELETE,/collectors,401,44
201.194.96.61,2023-04-15 13:29:53,GET,/auth,403,76
2.84.40.213,2023-04-15 13:29:54,POST,/playbooks,201,94
43.60.235.118,2023-04-15 13:29:54,DELETE,/fieldsets,500,20
61.114.137.61,2023-04-15 13:29:54,POST,/fieldsets,503,74
84.208.8.86,2023-04-15 13:29:54,PATCH,/fieldsets,503,95
126.158.163.4,2023-04-15 13:29:55,GET,/parsers,201,30
169.250.118.1,2023-04-15 13:29:55,DELETE,/customers,401,64
53.114.168.76,2023-04-15 13:29:55,PATCH,/auth,500,10
105.249.91.156,2023-04-15 13:29:56,PATCH,/fieldsets,400,76
161.16.134.81,2023-04-15 13:29:56,GET,/alerts,400,66
79.154.63.117,2023-04-15 13:29:56,GET,/events,300,59
64.207.124.143,2023-04-15 13:29:56,POST,/collectors,204,40
107.245.186.247,2023-04-15 13:29:56,POST,/lists,403,92
89.62.106.35,2023-04-15 13:29:56,PUT,/auth,301,80
130.34.186.161,2023-04-15 13:29:52,PUT,/fieldsets,301,54
57.127.251.57,2023-04-15 13:29:52,DELETE,/alerts,400,26
138.57.200.28,2023-04-15 13:29:52,DELETE,/parsers,204,49
220.161.13.111,2023-04-15 13:29:53,GET,/fieldsets,400,17
105.128.140.88,2023-04-15 13:29:53,PATCH,/parsers,400,68
6.50.84.152,2023-04-15 13:29:53,DELETE,/collectors,204,3
174.9.180.78,2023-04-15 13:29:54,PUT,/auth,200,7
51.59.49.194,2023-04-15 13:29:54,PUT,/alerts,200,61
146.66.229.67,2023-04-15 13:29:54,GET,/playbooks,301,47
12.53.233.98,2023-04-15 13:29:54,POST,/users,200,21
14.4.219.151,2023-04-15 13:29:55,GET,/parsers,500,59
87.122.37.106,2023-04-15 13:29:55,PUT,/parsers,404,51
84.61.60.30,2023-04-15 13:29:55,PUT,/customers,204,56
87.179.60.170,2023-04-15 13:29:55,DELETE,/parsers,404,86
65.173.13.41,2023-04-15 13:29:56,GET,/parsers,204,27
109.146.14.182,2023-04-15 13:29:56,DELETE,/collectors,500,32
81.219.231.220,2023-04-15 13:29:56,DELETE,/playbooks,500,98
195.76.1.119,2023-04-15 13:29:56,POST,/fieldsets,201,5
45.79.118.21,2023-04-15 13:29:57,PATCH,/lists,300,1
150.165.22.86,2023-04-15 13:29:57,POST,/parsers,400,37
6.85.184.109,2023-04-15 13:29:53,POST,/auth,404,5
175.50.110.254,2023-04-15 13:29:53,PATCH,/lists,500,54
119.224.209.42,2023-04-15 13:29:53,PATCH,/parsers,204,98
216.121.141.55,2023-04-15 13:29:53,DELETE,/alerts,204,46
200.154.93.151,2023-04-15 13:29:54,DELETE,/fieldsets,404,38
67.116.147.170,2023-04-15 13:29:54,PATCH,/playbooks,200,73
193.104.128.157,2023-04-15 13:29:54,DELETE,/playbooks,300,1
51.31.20.162,2023-04-15 13:29:54,DELETE,/collectors,401,26
127.12.126.242,2023-04-15 13:29:55,PATCH,/users,401,50
54.78.38.53,2023-04-15 13:29:55,PUT,/users,403,36
184.11.25.45,2023-04-15 13:29:55,POST,/events,201,49
215.40.240.50,2023-04-15 13:29:55,POST,/lists,200,76
142.134.143.66,2023-04-15 13:29:56,GET,/lists,204,87
83.84.33.102,2023-04-15 13:29:57,PUT,/playbooks,401,25
65.90.134.38,2023-04-15 13:29:57,PUT,/customers,404,85
223.181.108.238,2023-04-15 13:29:57,DELETE,/lists,500,48
192.99.98.51,2023-04-15 13:29:57,POST,/parsers,400,56
40.123.2.179,2023-04-15 13:29:58,POST,/alerts,400,30
99.13.98.8,2023-04-15 13:29:58,PATCH,/auth,301,29
199.0.88.31,2023-04-15 13:29:58,PATCH,/users,201,58
26.169.4.17,2023-04-15 13:29:53,PATCH,/events,300,21
177.81.214.142,2023-04-15 13:29:53,PUT,/lists,201,98
175.98.185.109,2023-04-15 13:29:53,GET,/collectors,300,36
250.24.73.204,2023-04-15 13:29:53,PUT,/collectors,300,88
100.186.77.179,2023-04-15 13:29:53,PUT,/playbooks,201,58
243.200.132.106,2023-04-15 13:29:53,DELETE,/users,200,58
69.245.87.80,2023-04-15 13:29:54,PUT,/users,503,72
206.135.141.217,2023-04-15 13:29:54,PATCH,/customers,500,7
73.19.190.190,2023-04-15 13:29:54,GET,/events,204,73
172.39.71.65,2023-04-15 13:29:55,PATCH,/lists,300,1
197.68.23.53,2023-04-15 13:29:56,PUT,/customers,404,20
75.26.209.174,2023-04-15 13:29:56,PATCH,/users,403,60
171.35.139.15,2023-04-15 13:29:56,GET,/lists,503,68
53.166.226.0,2023-04-15 13:29:56,DELETE,/alerts,503,69
44.172.129.54,2023-04-15 13:29:56,POST,/alerts,500,18
85.117.234.31,2023-04-15 13:29:57,DELETE,/events,403,25
78.19.208.44,2023-04-15 13:29:58,PUT,/customers,400,64
121.74.179.217,2023-04-15 13:29:58,PATCH,/auth,500,12
205.29.150.249,2023-04-15 13:29:58,DELETE,/parsers,400,76
243.87.237.161,2023-04-15 13:29:58,PATCH,/alerts,201,68
139.59.251.38,2023-04-15 13:29:54,DELETE,/collectors,204,8
173.216.146.183,2023-04-15 13:29:54,POST,/customers,404,24
139.8.106.220,2023-04-15 13:29:54,PUT,/fieldsets,301,76
66.114.173.247,2023-04-15 13:29:55,PUT,/lists,204,84
73.161.4.247,2023-04-15 13:29:55,GET,/events,300,81
81.65.124.24,2023-04-15 13:29:56,POST,/lists,300,3
115.62.199.114,2023-04-15 13:29:56,POST,/collectors,503,82
107.212.11.242,2023-04-15 13:29:56,PATCH,/customers,404,26
209.13.28.3,2023-04-15 13:29:57,DELETE,/users,500,9
142.194.5.28,2023-04-15 13:29:57,GET,/fieldsets,400,83
145.53.82.218,2023-04-15 13:29:57,PUT,/collectors,200,90
160.10.251.217,2023-04-15 13:29:57,GET,/lists,301,92
119.132.16.116,2023-04-15 13:29:57,PUT,/users,201,87
2.209.23.216,2023-04-15 13:29:57,DELETE,/users,201,55
102.182.184.123,2023-04-15 13:29:57,GET,/lists,403,65
105.128.180.130,2023-04-15 13:29:58,POST,/events,300,62
12.20.185.14,2023-04-15 13:29:58,DELETE,/users,403,46
44.183.69.151,2023-04-15 13:29:58,PATCH,/users,204,45
88.107.87.249,2023-04-15 13:29:59,PUT,/alerts,204,77
87.240.251.83,2023-04-15 13:29:59,DELETE,/alerts,400,71
3.201.66.60,2023-04-15 13:29:55,PUT,/alerts,401,67
90.183.150.239,2023-04-15 13:29:55,DELETE,/parsers,503,41
237.32.34.189,2023-04-15 13:29:55,PATCH,/parsers,204,20
159.137.195.211,2023-04-15 13:29:55,POST,/alerts,301,84
248.98.39.97,2023-04-15 13:29:55,GET,/events,301,63
132.76.243.228,2023-04-15 13:29:56,DELETE,/auth,404,60
33.186.219.252,2023-04-15 13:29:56,PUT,/customers,503,66
224.147.223.131,2023-04-15 13:29:56,DELETE,/playbooks,403,88
118.134.84.48,2023-04-15 13:29:57,GET,/customers,403,69
208.175.56.193,2023-04-15 13:29:57,PUT,/playbooks,300,87
225.252.101.50,2023-04-15 13:29:58,GET,/collectors,201,32
152.225.5.218,2023-04-15 13:29:58,POST,/playbooks,400,48
134.13.153.32,2023-04-15 13:29:58,PATCH,/events,403,8
39.76.114.192,2023-04-15 13:29:59,PATCH,/customers,201,95
65.118.252.194,2023-04-15 13:29:59,POST,/lists,500,7
211.43.2.207,2023-04-15 13:29:59,DELETE,/playbooks,503,63
244.222.100.190,2023-04-15 13:30:00,PATCH,/playbooks,403,68
26.63.80.33,2023-04-15 13:30:00,POST,/fieldsets,200,72
61.38.31.46,2023-04-15 13:30:00,PATCH,/alerts,204,82
160.13.200.8,2023-04-15 13:30:00,PATCH,/events,201,96
196.221.146.176,2023-04-15 13:29:56,PUT,/parsers,503,85
77.99.169.151,2023-04-15 13:29:56,PUT,/customers,204,37
98.232.243.5,2023-04-15 13:29:56,PATCH,/users,500,50
104.223.96.53,2023-04-15 13:29:57,DELETE,/lists,301,55
38.242.237.115,2023-04-15 13:29:57,GET,/customers,200,82
154.207.104.46,2023-04-15 13:29:57,PATCH,/parsers,200,11
154.137.79.73,2023-04-15 13:29:57,DELETE,/lists,204,19
135.166.194.152,2023-04-15 13:29:57,DELETE,/lists,401,29
100.133.30.79,2023-04-15 13:29:57,PUT,/customers,503,24
205.229.153.29,2023-04-15 13:29:57,PATCH,/alerts,204,97
1.218.2.161,2023-04-15 13:29:58,POST,/events,503,74
170.195.75.151,2023-04-15 13:29:58,PATCH,/lists,400,38
129.58.219.2,2023-04-15 13:29:58,PUT,/parsers,301,63
52.160.184.180,2023-04-15 13:29:59,POST,/events,300,47
105.180.39.166,2023-04-15 13:30:00,PATCH,/events,204,89
146.184.5.10,2023-04-15 13:30:00,PATCH,/alerts,404,69
73.57.196.48,2023-04-15 13:30:00,POST,/events,503,82
105.196.143.145,2023-04-15 13:30:00,DELETE,/playbooks,204,92
38.241.166.161,2023-04-15 13:30:00,POST,/lists,404,32
53.122.79.97,2023-04-15 13:30:01,PUT,/fieldsets,400,12
242.43.5.26,2023-04-15 13:29:57,POST,/parsers,201,79
36.250.162.104,2023-04-15 13:29:58,GET,/collectors,503,60
65.184.189.80,2023-04-15 13:29:58,PUT,/events,200,67
221.36.192.86,2023-04-15 13:29:58,PATCH,/users,503,79
190.215.34.26,2023-04-15 13:29:59,POST,/playbooks,201,62
148.244.76.97,2023-04-15 13:29:59,PUT,/users,301,46
107.16.146.42,2023-04-15 13:29:59,POST,/users,204,47
121.63.170.48,2023-04-15 13:29:59,DELETE,/lists,403,2
147.187.84.52,2023-04-15 13:30:00,PUT,/auth,204,55
168.250.23.246,2023-04-15 13:30:00,PUT,/auth,400,23
191.141.223.33,2023-04-15 13:30:00,DELETE,/fieldsets,400,32
204.73.140.6,2023-04-15 13:30:00,DELETE,/users,400,66
145.208.207.183,2023-04-15 13:30:01,DELETE,/users,204,89
175.115.122.169,2023-04-15 13:30:01,PUT,/customers,401,80
118.188.78.172,2023-04-15 13:30:02,PATCH,/playbooks,403,2
12.138.197.167,2023-04-15 13:30:02,POST,/parsers,200,8
0.223.189.24,2023-04-15 13:30:02,DELETE,/lists,301,71
1.75.167.147,2023-04-15 13:30:02,GET,/parsers,503,22
234.115.24.245,2023-04-15 13:30:02,GET,/collectors,400,40
253.62.186.30,2023-04-15 13:30:02,GET,/fieldsets,204,62
216.201.134.196,2023-04-15 13:29:58,POST,/fieldsets,204,44
213.109.189.131,2023-04-15 13:29:58,GET,/collectors,201,80
249.173.235.55,2023-04-15 13:29:58,DELETE,/playbooks,204,36
9.173.28.185,2023-04-15 13:29:58,PUT,/parsers,301,71
47.229.89.71,2023-04-15 13:29:59,DELETE,/customers,201,10
31.41.199.250,2023-04-15 13:30:00,PUT,/auth,403,94
106.147.147.103,2023-04-15 13:30:01,PUT,/customers,500,96
186.196.163.248,2023-04-15 13:30:01,GET,/auth,200,33
46.229.11.168,2023-04-15 13:30:01,GET,/users,403,58
131.194.32.194,2023-04-15 13:30:01,PUT,/customers,403,19
175.245.130.174,2023-04-15 13:30:01,PATCH,/playbooks,201,23
217.183.118.185,2023-04-15 13:30:02,GET,/fieldsets,503,72
90.26.209.32,2023-04-15 13:30:03,DELETE,/events,301,8
242.205.223.213,2023-04-15 13:30:03,PATCH,/alerts,301,82
72.62.87.154,2023-04-15 13:30:03,DELETE,/parsers,400,50
1.14.204.179,2023-04-15 13:30:03,PATCH,/customers,401,78
82.159.132.54,2023-04-15 13:30:03,DELETE,/collectors,200,61
57.205.177.144,2023-04-15 13:30:03,POST,/collectors,201,59
17.136.89.107,2023-04-15 13:30:03,POST,/lists,500,57
57.196.77.68,2023-04-15 13:30:03,GET,/alerts,503,74
42.183.200.43,2023-04-15 13:29:58,PATCH,/auth,200,100
20.188.200.182,2023-04-15 13:29:59,GET,/alerts,204,73
172.72.42.244,2023-04-15 13:29:59,POST,/parsers,201,2
9.1.243.16,2023-04-15 13:29:59,POST,/events,503,58
226.194.237.87,2023-04-15 13:30:00,DELETE,/events,301,46
24.50.109.26,2023-04-15 13:30:00,GET,/customers,401,10
228.35.87.184,2023-04-15 13:30:01,GET,/lists,401,11
237.182.23.221,2023-04-15 13:30:01,GET,/fieldsets,301,71
221.101.244.208,2023-04-15 13:30:01,DELETE,/collectors,400,39
237.239.68.159,2023-04-15 13:30:01,DELETE,/auth,201,49
31.87.215.79,2023-04-15 13:30:01,PUT,/playbooks,404,3
233.84.49.11,2023-04-15 13:30:02,GET,/collectors,401,56
190.185.44.179,2023-04-15 13:30:02,DELETE,/customers,404,16
31.161.181.104,2023-04-15 13:30:02,POST,/collectors,500,98
184.237.222.206,2023-04-15 13:30:02,GET,/auth,503,36
196.58.34.207,2023-04-15 13:30:03,POST,/playbooks,201,52
248.131.182.141,2023-04-15 13:30:03,GET,/fieldsets,401,14
4.31.168.53,2023-04-15 13:30:03,PATCH,/users,200,70
68.76.162.39,2023-04-15 13:30:03,DELETE,/auth,401,8
171.12.51.19,2023-04-15 13:30:03,POST,/collectors,201,37
99.139.37.195,2023-04-15 13:29:59,PUT,/customers,300,33
223.183.143.91,2023-04-15 13:29:59,DELETE,/alerts,300,55
176.2.168.170,2023-04-15 13:29:59,PUT,/lists,400,53
188.231.32.17,2023-04-15 13:30:00,PUT,/alerts,500,29
113.105.53.144,2023-04-15 13:30:00,DELETE,/fieldsets,300,51
123.129.148.53,2023-04-15 13:30:00,PATCH,/collectors,404,38
69.195.218.210,2023-04-15 13:30:00,GET,/events,301,53
217.99.87.220,2023-04-15 13:30:00,POST,/alerts,300,15
171.25.8.169,2023-04-15 13:30:01,DELETE,/collectors,300,74
145.50.54.219,2023-04-15 13:30:01,DELETE,/auth,300,49
233.121.25.248,2023-04-15 13:30:01,PATCH,/auth,200,61
208.183.75.253,2023-04-15 13:30:02,GET,/events,300,1
102.233.3.46,2023-04-15 13:30:02,PUT,/events,201,25
142.209.207.253,2023-04-15 13:30:03,GET,/lists,400,83
50.173.135.170,2023-04-15 13:30:04,PUT,/fieldsets,404,6
122.26.210.115,2023-04-15 13:30:04,GET,/lists,500,53
160.45.175.71,2023-04-15 13:30:04,POST,/auth,503,54
240.149.115.223,2023-04-15 13:30:04,PATCH,/users,400,90
160.123.219.206,2023-04-15 13:30:04,GET,/playbooks,200,75
228.154.148.65,2023-04-15 13:30:04,PUT,/collectors,200,68
61.157.228.14,2023-04-15 13:30:00,PATCH,/events,404,71
217.245.77.11,2023-04-15 13:30:00,PUT,/events,500,53
23.76.154.197,2023-04-15 13:30:00,PATCH,/fieldsets,503,68
197.159.124.83,2023-04-15 13:30:00,PATCH,/customers,404,24
30.118.164.130,2023-04-15 13:30:00,PUT,/fieldsets,400,49
208.156.220.192,2023-04-15 13:30:01,PUT,/alerts,201,59
153.148.91.202,2023-04-15 13:30:01,DELETE,/collectors,300,19
102.195.54.102,2023-04-15 13:30:01,PUT,/collectors,204,74
31.50.164.118,2023-04-15 13:30:02,PATCH,/events,200,7
147.167.249.176,2023-04-15 13:30:02,DELETE,/lists,401,88
9.51.123.157,2023-04-15 13:30:03,POST,/users,404,71
33.210.231.157,2023-04-15 13:30:03,GET,/alerts,401,90
1.226.231.41,2023-04-15 13:30:03,POST,/parsers,401,32
59.74.4.240,2023-04-15 13:30:03,POST,/auth,404,87
240.210.91.20,2023-04-15 13:30:04,POST,/events,401,74
164.41.172.56,2023-04-15 13:30:04,PUT,/fieldsets,300,29
47.143.37.94,2023-04-15 13:30:04,POST,/users,404,79
191.97.173.192,2023-04-15 13:30:05,DELETE,/collectors,403,62
176.190.237.59,2023-04-15 13:30:05,POST,/auth,404,46
197.5.169.1,2023-04-15 13:30:05,POST,/parsers,201,99
9.75.122.112,2023-04-15 13:30:01,DELETE,/lists,300,6
249.186.217.36,2023-04-15 13:30:02,DELETE,/parsers,403,44
229.74.204.167,2023-04-15 13:30:02,POST,/parsers,400,99
210.129.155.128,2023-04-15 13:30:03,POST,/lists,500,7
116.55.65.1,2023-04-15 13:30:03,POST,/events,301,22
229.133.159.255,2023-04-15 13:30:03,POST,/auth,503,90
255.17.253.251,2023-04-15 13:30:03,PATCH,/events,201,6
206.116.217.80,2023-04-15 13:30:03,GET,/customers,400,6
219.141.35.232,2023-04-15 13:30:03,GET,/parsers,401,72
95.48.119.252,2023-04-15 13:30:03,PUT,/users,300,90
59.23.120.110,2023-04-15 13:30:04,POST,/events,400,89
239.124.125.65,2023-04-15 13:30:04,PATCH,/events,204,91
218.124.116.144,2023-04-15 13:30:05,PATCH,/auth,201,66
8.44.99.182,2023-04-15 13:30:05,GET,/events,403,49
65.99.45.151,2023-04-15 13:30:05,DELETE,/auth,403,85
242.96.170.119,2023-04-15 13:30:05,PUT,/playbooks,404,47
65.37.162.61,2023-04-15 13:30:06,DELETE,/fieldsets,503,78
109.177.59.97,2023-04-15 13:30:06,DELETE,/events,204,53
198.244.194.22,2023-04-15 13:30:06,DELETE,/users,401,88
62.2.148.35,2023-04-15 13:30:06,POST,/events,503,10
54.246.88.43,2023-04-15 13:30:02,GET,/parsers,300,76
116.18.222.1,2023-04-15 13:30:02,GET,/events,400,26
191.184.10.217,2023-04-15 13:30:02,GET,/parsers,301,98
223.164.125.186,2023-04-15 13:30:02,DELETE,/alerts,503,54
108.172.166.2,2023-04-15 13:30:02,DELETE,/fieldsets,300,24
189.161.18.115,2023-04-15 13:30:03,DELETE,/playbooks,301,98
137.172.146.210,2023-04-15 13:30:03,POST,/auth,500,60
193.183.245.65,2023-04-15 13:30:03,DELETE,/parsers,200,37
195.72.147.144,2023-04-15 13:30:04,PUT,/auth,404,59
162.82.75.196,2023-04-15 13:30:04,DELETE,/auth,204,65
177.231.160.35,2023-04-15 13:30:04,POST,/fieldsets,300,65
34.0.98.177,2023-04-15 13:30:05,PATCH,/alerts,300,23
178.161.174.216,2023-04-15 13:30:05,GET,/events,500,96
180.237.126.180,2023-04-15 13:30:05,DELETE,/alerts,301,75
29.115.164.120,2023-04-15 13:30:06,POST,/customers,201,43
13.26.2.184,2023-04-15 13:30:06,DELETE,/fieldsets,503,46
49.195.170.211,2023-04-15 13:30:06,POST,/events,200,33
248.165.193.156,2023-04-15 13:30:07,DELETE,/auth,301,84
228.135.14.154,2023-04-15 13:30:07,POST,/events,300,69
37.37.26.47,2023-04-15 13:30:07,PATCH,/parsers,503,40
79.91.23.232,2023-04-15 13:30:03,GET,/auth,503,40
188.33.116.119,2023-04-15 13:30:03,POST,/playbooks,204,22
21.103.235.164,2023-04-15 13:30:03,DELETE,/fieldsets,400,53
109.232.23.233,2023-04-15 13:30:03,POST,/lists,401,85
100.25.49.234,2023-04-15 13:30:03,GET,/alerts,403,4
36.176.36.13,2023-04-15 13:30:04,PATCH,/lists,204,42
65.133.220.61,2023-04-15 13:30:04,DELETE,/customers,404,67
222.74.73.18,2023-04-15 13:30:04,GET,/users,201,44
8.109.192.34,2023-04-15 13:30:04,POST,/fieldsets,400,96
28.242.167.235,2023-04-15 13:30:05,GET,/lists,403,68
60.243.141.237,2023-04-15 13:30:05,PATCH,/alerts,400,63
159.178.32.53,2023-04-15 13:30:05,PUT,/parsers,401,82
129.232.91.40,2023-04-15 13:30:05,POST,/events,400,78
77.114.48.15,2023-04-15 13:30:06,PATCH,/lists,301,100
244.107.145.98,2023-04-15 13:30:06,PUT,/playbooks,404,55
61.0.76.105,2023-04-15 13:30:06,PATCH,/collectors,204,21
224.189.20.172,2023-04-15 13:30:07,PATCH,/parsers,204,53
75.8.176.189,2023-04-15 13:30:07,PATCH,/users,300,54
237.166.131.158,2023-04-15 13:30:08,PATCH,/users,503,43
41.124.220.252,2023-04-15 13:30:08,POST,/auth,404,82
72.20.15.30,2023-04-15 13:30:04,DELETE,/playbooks,404,53
5.161.140.106,2023-04-15 13:30:04,POST,/playbooks,201,80
44.97.9.54,2023-04-15 13:30:04,GET,/alerts,400,86
8.91.97.1,2023-04-15 13:30:04,PATCH,/alerts,200,92
65.61.212.9,2023-04-15 13:30:04,GET,/fieldsets,404,23
69.243.214.81,2023-04-15 13:30:04,DELETE,/auth,401,17
7.229.139.180,2023-04-15 13:30:05,DELETE,/lists,403,50
207.255.40.163,2023-04-15 13:30:05,GET,/playbooks,201,11
239.23.135.134,2023-04-15 13:30:05,DELETE,/fieldsets,201,60
31.251.61.197,2023-04-15 13:30:06,PUT,/users,201,17
70.120.227.74,2023-04-15 13:30:06,POST,/parsers,500,33
4.77.115.168,2023-04-15 13:30:06,PUT,/collectors,300,4
216.227.236.114,2023-04-15 13:30:07,PUT,/events,201,76
96.111.163.97,2023-04-15 13:30:07,GET,/lists,201,33
69.42.43.254,2023-04-15 13:30:08,POST,/auth,403,62
136.10.71.84,2023-04-15 13:30:08,PUT,/collectors,300,30
130.238.86.245,2023-04-15 13:30:09,DELETE,/events,200,98
40.181.176.203,2023-04-15 13:30:09,DELETE,/events,300,95
66.123.235.12,2023-04-15 13:30:09,POST,/collectors,201,100
1.42.191.211,2023-04-15 13:30:09,PUT,/customers,503,97
202.148.160.249,2023-04-15 13:30:05,PUT,/events,300,53
43.153.211.236,2023-04-15 13:30:05,GET,/customers,201,43
121.188.99.48,2023-04-15 13:30:05,PUT,/fieldsets,500,12
139.205.24.144,2023-04-15 13:30:05,GET,/collectors,204,82
241.230.161.243,2023-04-15 13:30:06,GET,/collectors,201,45
143.235.82.239,2023-04-15 13:30:07,PATCH,/fieldsets,400,61
232.110.165.231,2023-04-15 13:30:07,GET,/alerts,400,16
89.112.135.1,2023-04-15 13:30:08,DELETE,/auth,300,47
0.81.34.40,2023-04-15 13:30:08,PUT,/playbooks,404,60
43.249.107.205,2023-04-15 13:30:08,POST,/customers,400,93
29.28.16.16,2023-04-15 13:30:08,PATCH,/alerts,403,6
194.212.121.218,2023-04-15 13:30:09,PATCH,/auth,403,32
66.11.202.206,2023-04-15 13:30:09,PUT,/parsers,404,43
81.194.179.27,2023-04-15 13:30:09,POST,/collectors,503,4
98.192.54.39,2023-04-15 13:30:09,PATCH,/customers,301,75
207.175.82.183,2023-04-15 13:30:10,PUT,/collectors,400,77
237.238.200.106,2023-04-15 13:30:10,PUT,/playbooks,403,1
36.58.179.123,2023-04-15 13:30:10,PATCH,/collectors,200,80
68.154.163.145,2023-04-15 13:30:10,PUT,/fieldsets,400,45
8.85.65.108,2023-04-15 13:30:10,PUT,/customers,404,89
164.4.1.197,2023-04-15 13:30:05,GET,/playbooks,500,67
220.164.126.250,2023-04-15 13:30:05,DELETE,/alerts,400,44
249.78.151.222,2023-04-15 13:30:06,PATCH,/customers,301,90
222.134.99.143,2023-04-15 13:30:07,PATCH,/auth,301,80
31.225.214.216,2023-04-15 13:30:07,GET,/customers,204,62
174.211.66.109,2023-04-15 13:30:07,PUT,/lists,201,61
122.7.3.110,2023-04-15 13:30:07,PUT,/users,401,87
212.186.238.123,2023-04-15 13:30:07,DELETE,/users,300,79
112.121.15.140,2023-04-15 13:30:08,POST,/alerts,300,88
166.83.109.235,2023-04-15 13:30:08,PUT,/collectors,300,83
227.67.25.10,2023-04-15 13:30:08,DELETE,/parsers,301,100
143.51.166.71,2023-04-15 13:30:08,GET,/collectors,204,73
246.200.222.55,2023-04-15 13:30:09,GET,/alerts,503,67
226.126.68.58,2023-04-15 13:30:09,PUT,/events,404,100
100.238.37.102,2023-04-15 13:30:09,GET,/fieldsets,301,82
112.40.156.254,2023-04-15 13:30:09,DELETE,/lists,300,55
85.30.169.82,2023-04-15 13:30:09,PATCH,/collectors,300,79
236.8.164.52,2023-04-15 13:30:10,GET,/users,301,13
220.229.64.55,2023-04-15 13:30:10,GET,/customers,204,54
136.81.121.64,2023-04-15 13:30:10,PATCH,/customers,401,60
226.247.163.12,2023-04-15 13:30:06,DELETE,/playbooks,301,35
125.224.92.211,2023-04-15 13:30:06,GET,/auth,400,8
133.92.205.167,2023-04-15 13:30:07,DELETE,/customers,401,80
43.107.118.65,2023-04-15 13:30:07,GET,/users,400,79
39.20.175.58,2023-04-15 13:30:08,PATCH,/events,201,79
68.107.244.44,2023-04-15 13:30:08,PUT,/auth,500,90
26.39.19.200,2023-04-15 13:30:08,DELETE,/customers,200,75
180.120.251.75,2023-04-15 13:30:08,POST,/lists,403,36
81.57.230.163,2023-04-15 13:30:09,PUT,/lists,401,59
88.77.11.212,2023-04-15 13:30:09,DELETE,/customers,301,100
13.237.216.38,2023-04-15 13:30:09,POST,/playbooks,301,20
136.37.6.69,2023-04-15 13:30:10,PATCH,/users,200,12
62.161.175.224,2023-04-15 13:30:10,PUT,/fieldsets,204,83
106.211.134.60,2023-04-15 13:30:10,DELETE,/lists,201,46
255.26.229.38,2023-04-15 13:30:10,POST,/events,403,96
184.47.216.8,2023-04-15 13:30:10,POST,/lists,403,19
41.2.112.215,2023-04-15 13:30:10,GET,/playbooks,200,76
137.103.67.151,2023-04-15 13:30:10,GET,/parsers,503,69
11.178.9.136,2023-04-15 13:30:11,DELETE,/users,503,32
223.40.58.183,2023-04-15 13:30:11,PUT,/playbooks,200,87
137.157.146.194,2023-04-15 13:30:07,DELETE,/playbooks,500,27
57.215.86.144,2023-04-15 13:30:07,PUT,/customers,300,25
43.171.18.102,2023-04-15 13:30:07,DELETE,/playbooks,301,67
28.163.221.166,2023-04-15 13:30:08,POST,/alerts,400,88
173.162.18.24,2023-04-15 13:30:08,POST,/collectors,500,51
162.89.148.235,2023-04-15 13:30:08,PATCH,/lists,201,4
60.46.92.191,2023-04-15 13:30:08,GET,/collectors,404,87
20.182.95.84,2023-04-15 13:30:08,POST,/lists,403,10
252.208.116.146,2023-04-15 13:30:08,POST,/fieldsets,300,69
123.52.116.255,2023-04-15 13:30:08,GET,/fieldsets,404,54
200.63.147.17,2023-04-15 13:30:08,GET,/collectors,201,63
239.100.141.181,2023-04-15 13:30:08,POST,/events,401,41
84.103.147.21,2023-04-15 13:30:08,GET,/collectors,503,7
164.85.173.120,2023-04-15 13:30:09,PATCH,/customers,201,26
231.173.180.192,2023-04-15 13:30:09,PUT,/lists,204,84
19.88.18.219,2023-04-15 13:30:09,DELETE,/auth,300,89
90.97.119.252,2023-04-15 13:30:09,DELETE,/lists,403,33
137.183.160.162,2023-04-15 13:30:10,PATCH,/playbooks,204,78
95.125.136.255,2023-04-15 13:30:11,GET,/alerts,400,58
136.184.71.98,2023-04-15 13:30:12,PATCH,/lists,500,98
209.3.142.43,2023-04-15 13:30:08,POST,/alerts,300,45
226.145.0.249,2023-04-15 13:30:08,GET,/auth,204,83
38.214.169.154,2023-04-15 13:30:08,POST,/events,400,27
67.51.55.116,2023-04-15 13:30:09,POST,/alerts,403,25
130.79.44.193,2023-04-15 13:30:09,PUT,/users,300,96
155.42.44.8,2023-04-15 13:30:09,DELETE,/collectors,500,7
61.92.146.66,2023-04-15 13:30:09,GET,/lists,301,89
32.199.83.112,2023-04-15 13:30:09,PUT,/events,500,89
121.69.152.126,2023-04-15 13:30:09,PUT,/users,301,38
22.221.192.201,2023-04-15 13:30:09,POST,/alerts,301,24
9.119.254.82,2023-04-15 13:30:09,DELETE,/customers,300,92
27.200.230.108,2023-04-15 13:30:09,DELETE,/lists,403,9
44.220.124.53,2023-04-15 13:30:09,POST,/playbooks,503,50
166.0.216.17,2023-04-15 13:30:10,GET,/events,301,28
38.199.144.185,2023-04-15 13:30:11,GET,/users,200,73
116.16.69.94,2023-04-15 13:30:11,PATCH,/events,300,39
29.226.156.8,2023-04-15 13:30:12,POST,/customers,500,44
70.90.183.214,2023-04-15 13:30:12,PUT,/customers,400,40
184.152.194.11,2023-04-15 13:30:12,POST,/collectors,400,28
0.224.53.112,2023-04-15 13:30:13,PUT,/lists,201,66
249.21.172.179,2023-04-15 13:30:09,POST,/collectors,503,90
156.2.218.224,2023-04-15 13:30:09,POST,/auth,404,9
165.9.121.212,2023-04-15 13:30:09,POST,/fieldsets,301,83
102.234.206.77,2023-04-15 13:30:09,PATCH,/alerts,204,73
193.143.100.32,2023-04-15 13:30:10,DELETE,/playbooks,401,50
213.165.189.201,2023-04-15 13:30:10,PATCH,/users,503,47
174.53.172.175,2023-04-15 13:30:10,GET,/fieldsets,301,50
233.3.96.187,2023-04-15 13:30:10,PUT,/lists,500,3
36.237.236.47,2023-04-15 13:30:11,PATCH,/events,300,88
139.70.37.193,2023-04-15 13:30:11,PUT,/alerts,200,33
154.227.110.29,2023-04-15 13:30:12,PATCH,/collectors,201,3
177.48.97.45,2023-04-15 13:30:12,PUT,/parsers,403,59
218.5.81.9,2023-04-15 13:30:12,PATCH,/alerts,300,24
5.236.109.70,2023-04-15 13:30:13,PATCH,/auth,301,100
30.34.46.143,2023-04-15 13:30:13,PATCH,/fieldsets,301,64
249.47.9.103,2023-04-15 13:30:13,DELETE,/customers,204,22
17.91.59.191,2023-04-15 13:30:13,PATCH,/alerts,503,79
17.78.95.94,2023-04-15 13:30:14,DELETE,/collectors,400,2
70.98.222.99,2023-04-15 13:30:14,PUT,/parsers,503,49
204.117.156.206,2023-04-15 13:30:14,POST,/playbooks,500,35
100.206.130.50,2023-04-15 13:30:09,PATCH,/parsers,200,28
206.136.4.251,2023-04-15 13:30:09,PATCH,/users,403,54
106.188.46.82,2023-04-15 13:30:10,PATCH,/users,200,93
167.52.97.90,2023-04-15 13:30:10,GET,/users,400,67
241.6.151.88,2023-04-15 13:30:10,GET,/collectors,301,79
173.2.30.217,2023-04-15 13:30:10,PATCH,/fieldsets,300,75
82.175.146.120,2023-04-15 13:30:11,DELETE,/lists,503,58
137.188.97.165,2023-04-15 13:30:11,PATCH,/users,400,89
189.30.145.184,2023-04-15 13:30:11,POST,/fieldsets,200,13
213.209.132.93,2023-04-15 13:30:11,PUT,/fieldsets,404,40
188.144.179.26,2023-04-15 13:30:11,GET,/users,200,59
227.86.76.180,2023-04-15 13:30:11,DELETE,/parsers,300,67
77.43.52.54,2023-04-15 13:30:12,POST,/playbooks,400,81
195.115.234.47,2023-04-15 13:30:12,POST,/users,204,2
3.198.238.146,2023-04-15 13:30:13,PUT,/parsers,400,25
150.93.100.78,2023-04-15 13:30:13,GET,/fieldsets,403,84
243.88.131.185,2023-04-15 13:30:13,PATCH,/alerts,204,18
79.1.186.176,2023-04-15 13:30:13,POST,/users,503,50
28.61.221.232,2023-04-15 13:30:14,DELETE,/events,300,21
66.148.188.140,2023-04-15 13:30:14,DELETE,/customers,403,9
73.1.199.165,2023-04-15 13:30:10,GET,/lists,204,60
208.178.15.200,2023-04-15 13:30:10,GET,/lists,300,17
168.156.93.23,2023-04-15 13:30:10,POST,/playbooks,500,63
211.193.248.207,2023-04-15 13:30:10,PATCH,/lists,404,97
97.2.212.160,2023-04-15 13:30:11,DELETE,/users,404,35
27.108.249.250,2023-04-15 13:30:12,PATCH,/parsers,403,56
142.16.91.22,2023-04-15 13:30:12,POST,/fieldsets,201,24
184.39.41.198,2023-04-15 13:30:12,DELETE,/events,200,20
147.212.48.197,2023-04-15 13:30:12,PATCH,/fieldsets,300,95
68.98.68.199,2023-04-15 13:30:13,PUT,/customers,300,92
215.249.253.220,2023-04-15 13:30:13,DELETE,/playbooks,500,67
169.167.215.76,2023-04-15 13:30:13,GET,/lists,500,55
130.174.86.30,2023-04-15 13:30:14,GET,/users,403,85
3.165.100.149,2023-04-15 13:30:14,PATCH,/users,300,65
64.182.119.13,2023-04-15 13:30:14,DELETE,/customers,401,35
113.33.122.101,2023-04-15 13:30:14,POST,/fieldsets,500,15
12.117.135.47,2023-04-15 13:30:15,DELETE,/customers,300,69
2.217.163.143,2023-04-15 13:30:15,GET,/alerts,301,38
140.192.85.2,2023-04-15 13:30:15,GET,/fieldsets,300,25
8.227.52.117,2023-04-15 13:30:15,GET,/collectors,503,23
207.214.145.237,2023-04-15 13:30:11,POST,/auth,401,82
46.68.224.31,2023-04-15 13:30:11,GET,/users,300,86
237.9.231.76,2023-04-15 13:30:11,POST,/events,200,47
17.210.93.36,2023-04-15 13:30:11,GET,/fieldsets,401,53
168.30.212.225,2023-04-15 13:30:12,GET,/fieldsets,201,26
233.64.17.184,2023-04-15 13:30:12,GET,/lists,204,2
61.219.99.254,2023-04-15 13:30:12,PATCH,/lists,204,89
120.176.151.159,2023-04-15 13:30:13,PUT,/lists,500,7
149.9.126.177,2023-04-15 13:30:13,PUT,/playbooks,301,59
72.129.68.47,2023-04-15 13:30:13,DELETE,/fieldsets,200,54
17.207.79.221,2023-04-15 13:30:14,DELETE,/fieldsets,301,99
244.217.53.0,2023-04-15 13:30:14,POST,/fieldsets,503,63
223.36.77.238,2023-04-15 13:30:15,DELETE,/collectors,300,16
187.44.155.26,2023-04-15 13:30:15,PATCH,/auth,300,55
156.30.36.204,2023-04-15 13:30:15,DELETE,/users,503,35
172.180.108.147,2023-04-15 13:30:16,PATCH,/events,503,39
237.132.22.14,2023-04-15 13:30:16,POST,/parsers,201,32
150.196.59.207,2023-04-15 13:30:16,DELETE,/playbooks,500,62
144.141.75.24,2023-04-15 13:30:16,PUT,/parsers,503,78
141.21.200.126,2023-04-15 13:30:16,POST,/events,300,90
118.254.88.66,2023-04-15 13:30:12,PATCH,/parsers,503,16
165.189.18.40,2023-04-15 13:30:12,DELETE,/customers,401,19
117.174.125.23,2023-04-15 13:30:13,PATCH,/auth,300,65
177.134.20.157,2023-04-15 13:30:13,DELETE,/auth,204,65
65.61.85.154,2023-04-15 13:30:13,PUT,/auth,403,3
121.219.169.64,2023-04-15 13:30:13,DELETE,/customers,404,60
220.206.203.68,2023-04-15 13:30:14,PUT,/auth,400,71
210.12.221.113,2023-04-15 13:30:14,GET,/playbooks,404,93
104.59.194.162,2023-04-15 13:30:14,GET,/customers,403,16
193.177.129.188,2023-04-15 13:30:15,PATCH,/users,404,25
208.255.25.194,2023-04-15 13:30:15,PUT,/customers,403,85
53.113.7.45,2023-04-15 13:30:16,POST,/collectors,204,15
20.126.244.36,2023-04-15 13:30:16,DELETE,/customers,404,30
52.187.187.120,2023-04-15 13:30:16,PUT,/events,404,93
49.134.58.82,2023-04-15 13:30:16,POST,/lists,204,54
146.204.66.126,2023-04-15 13:30:17,PUT,/playbooks,200,56
94.243.1.237,2023-04-15 13:30:17,PATCH,/customers,204,62
150.167.185.165,2023-04-15 13:30:17,DELETE,/playbooks,503,15
59.122.197.13,2023-04-15 13:30:17,PATCH,/fieldsets,300,86
153.62.102.117,2023-04-15 13:30:17,DELETE,/customers,503,11
122.165.192.114,2023-04-15 13:30:13,PATCH,/playbooks,300,73
179.195.197.62,2023-04-15 13:30:13,GET,/parsers,403,30
220.125.9.216,2023-04-15 13:30:13,PUT,/fieldsets,404,90
134.128.116.143,2023-04-15 13:30:14,POST,/users,201,74
133.168.70.159,2023-04-15 13:30:14,PATCH,/fieldsets,200,37
132.188.110.132,2023-04-15 13:30:14,DELETE,/fieldsets,401,15
63.163.62.26,2023-04-15 13:30:14,PATCH,/lists,401,15
210.147.84.18,2023-04-15 13:30:15,POST,/users,201,62
70.75.6.149,2023-04-15 13:30:15,GET,/lists,403,57
22.102.29.191,2023-04-15 13:30:15,PATCH,/fieldsets,300,37
232.198.235.74,2023-04-15 13:30:15,PATCH,/customers,301,84
119.74.210.213,2023-04-15 13:30:16,DELETE,/lists,503,33
139.102.73.40,2023-04-15 13:30:16,GET,/parsers,204,67
197.94.70.4,2023-04-15 13:30:16,PATCH,/collectors,403,46
151.209.210.196,2023-04-15 13:30:17,POST,/fieldsets,301,93
93.96.231.235,2023-04-15 13:30:17,PATCH,/customers,403,62
117.135.243.251,2023-04-15 13:30:17,PUT,/auth,403,42
253.153.155.152,2023-04-15 13:30:18,PATCH,/auth,503,30
130.85.145.159,2023-04-15 13:30:18,PATCH,/parsers,200,55
51.18.41.233,2023-04-15 13:30:18,GET,/parsers,301,80
198.26.249.223,2023-04-15 13:30:14,POST,/customers,301,85
45.43.252.195,2023-04-15 13:30:14,PUT,/fieldsets,404,29
190.149.31.90,2023-04-15 13:30:14,DELETE,/events,401,1
54.139.76.145,2023-04-15 13:30:14,GET,/customers,204,60
241.101.61.174,2023-04-15 13:30:15,PATCH,/parsers,500,81
3.145.7.168,2023-04-15 13:30:16,PUT,/alerts,200,6
67.9.133.209,2023-04-15 13:30:16,GET,/fieldsets,500,74
169.23.140.235,2023-04-15 13:30:17,POST,/collectors,300,60
108.215.102.253,2023-04-15 13:30:17,GET,/fieldsets,404,39
67.188.6.63,2023-04-15 13:30:18,PATCH,/alerts,201,97
149.44.35.245,2023-04-15 13:30:18,PUT,/parsers,403,68
116.2.92.38,2023-04-15 13:30:18,DELETE,/parsers,204,75
139.148.232.174,2023-04-15 13:30:18,PATCH,/events,200,53
60.100.40.75,2023-04-15 13:30:18,PUT,/customers,300,64
65.35.84.63,2023-04-15 13:30:18,POST,/playbooks,500,19
31.186.25.102,2023-04-15 13:30:18,PUT,/customers,200,18
192.165.137.184,2023-04-15 13:30:19,PUT,/auth,404,5
189.195.15.161,2023-04-15 13:30:19,PUT,/auth,403,94
190.233.209.161,2023-04-15 13:30:19,PATCH,/customers,404,59
149.205.25.135,2023-04-15 13:30:19,PUT,/customers,201,65
17.231.174.128,2023-04-15 13:30:14,PUT,/collectors,500,31
151.51.151.209,2023-04-15 13:30:15,POST,/auth,201,7
30.188.188.4,2023-04-15 13:30:15,DELETE,/users,301,49
109.45.56.89,2023-04-15 13:30:15,POST,/fieldsets,404,23
238.105.76.33,2023-04-15 13:30:15,PUT,/fieldsets,200,89
236.139.238.24,2023-04-15 13:30:15,PATCH,/auth,503,80
196.255.37.147,2023-04-15 13:30:16,POST,/collectors,200,63
233.193.27.169,2023-04-15 13:30:16,DELETE,/customers,403,96
37.15.1.240,2023-04-15 13:30:17,DELETE,/alerts,201,100
240.197.242.20,2023-04-15 13:30:17,POST,/alerts,400,68
187.12.129.165,2023-04-15 13:30:17,PUT,/fieldsets,200,48
3.154.27.249,2023-04-15 13:30:17,GET,/alerts,401,59
155.83.84.174,2023-04-15 13:30:17,POST,/fieldsets,503,31
153.83.106.156,2023-04-15 13:30:18,PATCH,/users,403,65
222.216.231.137,2023-04-15 13:30:18,DELETE,/parsers,204,83
37.55.145.232,2023-04-15 13:30:18,PUT,/alerts,200,32
75.161.18.62,2023-04-15 13:30:18,PUT,/lists,400,29
167.236.222.72,2023-04-15 13:30:18,PATCH,/users,201,32
64.135.15.210,2023-04-15 13:30:19,PATCH,/events,503,46
28.148.192.184,2023-04-15 13:30:19,PUT,/auth,200,5
70.145.84.81,2023-04-15 13:30:15,GET,/alerts,300,64
91.218.3.141,2023-04-15 13:30:15,PUT,/playbooks,401,64
23.204.64.146,2023-04-15 13:30:15,PATCH,/auth,204,77
236.126.214.159,2023-04-15 13:30:15,PATCH,/parsers,503,34
113.173.250.38,2023-04-15 13:30:15,DELETE,/parsers,503,23
170.31.69.112,2023-04-15 13:30:16,DELETE,/users,503,58
136.239.60.126,2023-04-15 13:30:17,PUT,/events,200,53
114.74.98.141,2023-04-15 13:30:17,DELETE,/alerts,403,33
160.167.0.93,2023-04-15 13:30:17,GET,/customers,301,57
194.94.34.1,2023-04-15 13:30:17,PATCH,/fieldsets,201,7
234.141.231.52,2023-04-15 13:30:17,PUT,/customers,301,86
5.24.48.11,2023-04-15 13:30:18,PATCH,/events,401,89
226.14.230.107,2023-04-15 13:30:18,POST,/playbooks,400,49
11.158.89.175,2023-04-15 13:30:18,GET,/events,401,83
0.73.67.235,2023-04-15 13:30:18,GET,/users,404,59
95.103.127.43,2023-04-15 13:30:18,GET,/auth,503,85
234.99.81.48,2023-04-15 13:30:19,POST,/users,500,36
162.52.129.85,2023-04-15 13:30:19,DELETE,/customers,301,96
32.72.67.129,2023-04-15 13:30:19,PUT,/collectors,400,2
34.236.88.180,2023-04-15 13:30:20,GET,/users,200,87
117.95.102.71,2023-04-15 13:30:16,GET,/playbooks,500,37
122.66.179.74,2023-04-15 13:30:16,DELETE,/collectors,401,20
195.225.57.109,2023-04-15 13:30:16,PATCH,/parsers,401,94
55.204.156.23,2023-04-15 13:30:16,DELETE,/collectors,201,15
24.83.193.166,2023-04-15 13:30:18,PATCH,/collectors,204,71
233.164.204.105,2023-04-15 13:30:18,POST,/users,201,95
31.183.31.205,2023-04-15 13:30:18,DELETE,/users,403,4
103.179.157.139,2023-04-15 13:30:18,PUT,/playbooks,500,88
166.23.127.43,2023-04-15 13:30:19,GET,/fieldsets,403,33
168.83.60.62,2023-04-15 13:30:19,DELETE,/playbooks,401,26
52.125.154.42,2023-04-15 13:30:19,DELETE,/auth,301,11
10.219.218.51,2023-04-15 13:30:20,POST,/parsers,403,86
230.87.51.192,2023-04-15 13:30:21,GET,/alerts,401,94
212.171.22.79,2023-04-15 13:30:21,PATCH,/collectors,403,7
131.8.104.244,2023-04-15 13:30:21,PATCH,/playbooks,300,100
247.5.31.165,2023-04-15 13:30:21,POST,/alerts,300,70
207.167.217.73,2023-04-15 13:30:21,PUT,/collectors,301,40
197.124.48.98,2023-04-15 13:30:21,PUT,/parsers,400,56
77.113.118.150,2023-04-15 13:30:21,PATCH,/alerts,404,31
119.102.165.186,2023-04-15 13:30:21,DELETE,/users,400,17
81.88.245.239,2023-04-15 13:30:18,DELETE,/alerts,404,4
156.138.93.204,2023-04-15 13:30:18,POST,/auth,403,20
127.138.187.26,2023-04-15 13:30:18,PUT,/auth,201,63
1.207.7.245,2023-04-15 13:30:18,PUT,/collectors,404,17
250.238.236.187,2023-04-15 13:30:18,POST,/users,200,36
231.74.7.15,2023-04-15 13:30:18,PATCH,/playbooks,204,74
4.135.193.6,2023-04-15 13:30:18,POST,/users,204,26
49.158.74.60,2023-04-15 13:30:18,POST,/users,503,29
54.87.158.105,2023-04-15 13:30:19,POST,/auth,401,64
68.63.169.172,2023-04-15 13:30:19,GET,/fieldsets,403,27
134.227.20.14,2023-04-15 13:30:19,PUT,/collectors,401,26
144.236.9.206,2023-04-15 13:30:20,GET,/parsers,400,9
38.111.34.75,2023-04-15 13:30:20,POST,/auth,204,84
136.104.27.242,2023-04-15 13:30:20,GET,/auth,401,59
234.63.147.174,2023-04-15 13:30:20,PUT,/playbooks,201,70
100.7.215.120,2023-04-15 13:30:21,POST,/parsers,404,65
9.14.192.5,2023-04-15 13:30:21,GET,/fieldsets,503,14
99.61.5.230,2023-04-15 13:30:22,DELETE,/collectors,404,1
85.24.126.164,2023-04-15 13:30:22,POST,/auth,503,79
220.243.149.86,2023-04-15 13:30:22,GET,/events,403,96
247.125.48.107,2023-04-15 13:30:18,POST,/events,200,28
145.144.41.9,2023-04-15 13:30:18,DELETE,/auth,300,57
230.205.39.151,2023-04-15 13:30:19,PUT,/users,300,14
11.218.93.180,2023-04-15 13:30:19,DELETE,/events,404,58
28.48.26.243,2023-04-15 13:30:19,PUT,/users,301,32
226.156.111.177,2023-04-15 13:30:20,GET,/users,200,79
104.140.49.249,2023-04-15 13:30:20,DELETE,/users,403,20
6.218.120.155,2023-04-15 13:30:20,PUT,/lists,503,69
84.211.17.96,2023-04-15 13:30:21,PUT,/auth,204,71
134.247.31.49,2023-04-15 13:30:21,PATCH,/auth,300,25
241.96.129.155,2023-04-15 13:30:21,PUT,/auth,404,89
243.125.19.109,2023-04-15 13:30:22,PUT,/customers,204,85
112.181.247.182,2023-04-15 13:30:22,PUT,/collectors,404,5
82.68.68.219,2023-04-15 13:30:22,DELETE,/events,500,45
74.21.101.252,2023-04-15 13:30:22,PUT,/collectors,401,76
92.67.182.2,2023-04-15 13:30:23,PATCH,/events,200,74
188.121.225.216,2023-04-15 13:30:23,POST,/events,300,36
36.88.18.127,2023-04-15 13:30:23,POST,/alerts,300,43
169.41.45.237,2023-04-15 13:30:23,DELETE,/collectors,500,55
107.41.230.169,2023-04-15 13:30:23,GET,/alerts,204,79
75.70.223.220,2023-04-15 13:30:19,PATCH,/users,500,95
50.223.116.44,2023-04-15 13:30:19,POST,/alerts,401,11
90.107.218.106,2023-04-15 13:30:20,DELETE,/users,503,41
153.65.255.98,2023-04-15 13:30:20,PATCH,/alerts,401,26
121.75.69.113,2023-04-15 13:30:20,DELETE,/auth,300,79
85.138.220.201,2023-04-15 13:30:21,POST,/customers,401,37
246.251.199.116,2023-04-15 13:30:21,DELETE,/users,401,27
4.15.160.252,2023-04-15 13:30:22,POST,/parsers,400,67
129.213.105.72,2023-04-15 13:30:22,PATCH,/parsers,500,73
7.161.91.128,2023-04-15 13:30:22,POST,/playbooks,500,46
19.191.21.192,2023-04-15 13:30:23,GET,/lists,500,73
8.125.164.96,2023-04-15 13:30:23,PUT,/fieldsets,400,32
107.202.40.221,2023-04-15 13:30:23,DELETE,/customers,403,58
169.182.167.211,2023-04-15 13:30:23,PATCH,/collectors,500,5
26.185.146.70,2023-04-15 13:30:23,DELETE,/fieldsets,403,36
191.102.52.214,2023-04-15 13:30:24,PUT,/collectors,200,59
32.90.55.170,2023-04-15 13:30:24,PUT,/customers,503,9
162.158.67.19,2023-04-15 13:30:24,DELETE,/collectors,200,61
72.166.74.250,2023-04-15 13:30:24,GET,/lists,301,33
6.248.57.214,2023-04-15 13:30:24,GET,/collectors,201,29
216.23.113.55,2023-04-15 13:30:20,GET,/customers,200,43
18.201.110.189,2023-04-15 13:30:20,POST,/lists,500,35
195.61.85.93,2023-04-15 13:30:20,POST,/events,403,17
104.148.82.120,2023-04-15 13:30:20,POST,/fieldsets,400,54
83.53.132.140,2023-04-15 13:30:20,POST,/playbooks,403,3
88.178.241.62,2023-04-15 13:30:20,POST,/parsers,401,59
81.186.193.237,2023-04-15 13:30:21,POST,/parsers,300,76
51.8.88.73,2023-04-15 13:30:21,PATCH,/collectors,403,93
141.169.133.111,2023-04-15 13:30:22,DELETE,/parsers,404,45
12.104.58.162,2023-04-15 13:30:22,PUT,/auth,503,63
21.186.136.96,2023-04-15 13:30:23,GET,/users,404,36
32.46.222.52,2023-04-15 13:30:23,DELETE,/playbooks,200,39
98.236.216.56,2023-04-15 13:30:23,PUT,/events,300,81
71.167.83.123,2023-04-15 13:30:23,GET,/auth,200,48
139.92.9.124,2023-04-15 13:30:24,PUT,/events,403,23
234.4.185.164,2023-04-15 13:30:24,GET,/events,503,29
33.77.149.122,2023-04-15 13:30:24,GET,/parsers,400,72
97.201.71.92,2023-04-15 13:30:24,POST,/users,403,20
13.235.206.245,2023-04-15 13:30:25,GET,/collectors,503,58
51.184.105.226,2023-04-15 13:30:25,DELETE,/parsers,503,19
138.195.25.45,2023-04-15 13:30:20,DELETE,/events,300,25
249.183.138.125,2023-04-15 13:30:20,PUT,/alerts,204,27
230.136.190.23,2023-04-15 13:30:20,POST,/fieldsets,401,77
95.113.90.77,2023-04-15 13:30:21,PUT,/alerts,200,22
228.76.188.226,2023-04-15 13:30:22,POST,/alerts,403,2
198.62.35.120,2023-04-15 13:30:22,DELETE,/lists,300,3
15.149.108.41,2023-04-15 13:30:22,PUT,/events,200,7
81.140.180.50,2023-04-15 13:30:22,POST,/users,204,66
19.211.214.18,2023-04-15 13:30:22,PATCH,/parsers,401,9
23.219.164.123,2023-04-15 13:30:23,PUT,/auth,301,61
58.65.186.168,2023-04-15 13:30:23,PUT,/fieldsets,500,13
33.149.21.95,2023-04-15 13:30:23,DELETE,/fieldsets,400,87
251.120.19.65,2023-04-15 13:30:24,POST,/auth,400,13
61.254.209.55,2023-04-15 13:30:24,DELETE,/collectors,204,49
115.130.127.150,2023-04-15 13:30:24,PUT,/collectors,403,33
145.241.238.160,2023-04-15 13:30:24,GET,/playbooks,200,45
144.150.105.154,2023-04-15 13:30:24,POST,/customers,201,15
253.18.135.100,2023-04-15 13:30:24,PUT,/playbooks,300,37
81.75.209.232,2023-04-15 13:30:25,PUT,/users,204,14
223.254.223.111,2023-04-15 13:30:25,DELETE,/alerts,500,69
130.90.29.70,2023-04-15 13:30:21,PATCH,/events,403,54
168.54.219.222,2023-04-15 13:30:21,POST,/customers,200,84
210.198.143.124,2023-04-15 13:30:21,PUT,/collectors,403,67
128.82.23.192,2023-04-15 13:30:22,PUT,/events,300,3
180.153.175.131,2023-04-15 13:30:22,PATCH,/fieldsets,204,45
89.36.180.205,2023-04-15 13:30:22,PATCH,/alerts,404,9
243.203.4.12,2023-04-15 13:30:23,DELETE,/users,300,78
104.157.220.167,2023-04-15 13:30:23,GET,/events,400,98
174.208.125.16,2023-04-15 13:30:24,GET,/customers,403,90
250.147.250.189,2023-04-15 13:30:24,PATCH,/parsers,300,25
112.105.154.161,2023-04-15 13:30:24,DELETE,/alerts,201,76
173.109.221.138,2023-04-15 13:30:24,POST,/fieldsets,404,7
74.23.156.150,2023-04-15 13:30:24,PUT,/alerts,204,44
230.50.146.195,2023-04-15 13:30:25,GET,/lists,401,15
156.250.52.169,2023-04-15 13:30:25,PATCH,/alerts,204,40
139.144.161.193,2023-04-15 13:30:25,PUT,/customers,200,66
13.77.165.213,2023-04-15 13:30:25,PATCH,/collectors,200,58
129.23.58.199,2023-04-15 13:30:26,PATCH,/alerts,503,99
219.81.124.248,2023-04-15 13:30:26,GET,/auth,404,56
8.187.51.158,2023-04-15 13:30:26,DELETE,/fieldsets,200,39
62.222.240.164,2023-04-15 13:30:22,DELETE,/alerts,500,66
194.127.64.81,2023-04-15 13:30:22,PUT,/customers,300,28
255.65.3.70,2023-04-15 13:30:22,GET,/customers,404,7
188.180.95.100,2023-04-15 13:30:22,POST,/auth,403,1
70.147.165.226,2023-04-15 13:30:23,PUT,/playbooks,201,49
153.204.67.201,2023-04-15 13:30:23,PATCH,/collectors,204,76
72.191.243.110,2023-04-15 13:30:23,POST,/parsers,503,40
53.220.226.233,2023-04-15 13:30:24,GET,/lists,500,23
139.242.241.120,2023-04-15 13:30:24,GET,/users,503,21
18.102.253.65,2023-04-15 13:30:24,POST,/events,503,26
230.115.157.237,2023-04-15 13:30:24,PATCH,/users,404,27
140.70.39.83,2023-04-15 13:30:25,POST,/auth,204,17
190.60.235.207,2023-04-15 13:30:25,PUT,/auth,503,75
199.237.82.44,2023-04-15 13:30:26,POST,/events,204,69
74.84.85.226,2023-04-15 13:30:26,POST,/customers,403,5
75.242.177.214,2023-04-15 13:30:27,PATCH,/events,200,35
167.142.230.166,2023-04-15 13:30:27,PUT,/collectors,200,10
170.116.83.229,2023-04-15 13:30:27,DELETE,/customers,404,75
187.9.9.88,2023-04-15 13:30:27,GET,/fieldsets,200,48
230.115.254.33,2023-04-15 13:30:27,POST,/lists,403,41
239.145.9.18,2023-04-15 13:30:23,POST,/events,401,60
72.73.210.132,2023-04-15 13:30:23,POST,/playbooks,200,38
159.17.33.79,2023-04-15 13:30:23,PATCH,/playbooks,400,27
182.190.237.2,2023-04-15 13:30:23,PATCH,/auth,204,67
250.87.1.128,2023-04-15 13:30:24,PUT,/playbooks,404,45
93.179.46.11,2023-04-15 13:30:24,POST,/events,301,93
253.188.137.3,2023-04-15 13:30:24,GET,/collectors,500,23
61.106.2.217,2023-04-15 13:30:25,POST,/customers,200,46
45.180.169.153,2023-04-15 13:30:25,POST,/users,200,23
51.219.152.106,2023-04-15 13:30:25,POST,/users,404,58
89.162.90.159,2023-04-15 13:30:25,DELETE,/customers,201,94
161.77.208.170,2023-04-15 13:30:26,GET,/fieldsets,403,15
172.147.88.69,2023-04-15 13:30:26,DELETE,/collectors,204,53
224.181.234.24,2023-04-15 13:30:27,POST,/fieldsets,401,55
63.251.190.227,2023-04-15 13:30:27,GET,/customers,204,33
127.20.121.30,2023-04-15 13:30:27,POST,/events,301,38
56.218.217.46,2023-04-15 13:30:27,DELETE,/customers,204,71
202.51.18.164,2023-04-15 13:30:28,PUT,/users,301,10
137.245.200.139,2023-04-15 13:30:28,PATCH,/users,400,9
13.41.197.254,2023-04-15 13:30:28,DELETE,/auth,204,70
